path,git_status,extension,lines,bytes,sha256
frc_defense/__init__.py,tracked,.py,8,427,bb70af740dfcb5a594f6120e6f476d8c8a9ecde641c4243988930afbc56f143c
frc_defense/_tensor_3v3_actions.py,tracked,.py,611,37950,08a15d1d778c4fc9af83abfcd069db308b194b190290f455a4820ac7ba2bb779
frc_defense/_tensor_3v3_constants.py,tracked,.py,3,96,fc8898550d31a08a05195cdebe6802afc4563e87019ddcd77e7eea716f9a410a
frc_defense/_tensor_3v3_gamepieces.py,tracked,.py,548,32806,ca74e6081e639c578dd68c45e7e8fa8353833e046a7fe98caf3413a478bc7938
frc_defense/_tensor_3v3_navigation.py,tracked,.py,127,6348,2ba32799494c5e9154cc0c53b84b8173fde67277dd17127d3819f06339233bde
frc_defense/_tensor_3v3_observation.py,tracked,.py,470,28265,8b6eb170325066d2776c005b2ac838a9e1c9d2623084b917cb2ff104c0241c6c
frc_defense/adstar.py,tracked,.py,1085,53602,9bf4ab388e9d3dd534e13d3bf4c63edfa316872c06f221166c0a3120b97db78f
frc_defense/csrc/tensor_3v3_gamepieces_hip_hip.cpp,tracked,.cpp,52,2966,0b0db22ff1a7dc555f2256d7d5ff88f798fddb475953d7a5ebfe5f7ab17e4d18
frc_defense/csrc/tensor_3v3_pickup_grid_hip.cpp,tracked,.cpp,82,4655,84fc39d6384ca6bdc732c7ccf3f0a1d792c834bd7236ce26e34e06520ba4164a
frc_defense/csrc/tensor_3v3_pickup_grid_hip_hip.cpp,tracked,.cpp,83,4710,4dd367af808c341ea6caaf4d87edff23a61f14c19882013d681a2bdc2daef50b
frc_defense/csrc/tensor_3v3_pickup_grid_hip_kernel.cu,tracked,.cu,302,12943,da5297253ac8d704b24587efa17569ac2afd87622276f78770344422d8e534ac
frc_defense/csrc/tensor_3v3_pickup_grid_hip_kernel.hip,untracked,.hip,303,13062,4113386b02721ab3c83765fc18a349a89b31f71b4751302ed7d4eb88be7ea51b
frc_defense/csrc/tensor_adstar_hip.cpp,tracked,.cpp,110,6697,6ad3cae0b5401118e5defd7c98f1910a27ea18a6c418e67949489bf9f707b6a4
frc_defense/csrc/tensor_adstar_hip_hip.cpp,tracked,.cpp,111,6752,232ecd7613cba9e67251b00ce2ba5fca13797eab43207fa5eb85abb61d1e6a47
frc_defense/csrc/tensor_adstar_hip_kernel.cu,tracked,.cu,87,3324,4bbb96caa9b9307bde086fd04037b725ec74e47ae36ffd1f782f06db1f5a745e
frc_defense/csrc/tensor_adstar_occupancy_hip.cpp,tracked,.cpp,53,3034,d251d94dbdbbafc25504a3e2d13b73a5a1fbcd6ab4292207feadf9aa9918ebbb
frc_defense/csrc/tensor_adstar_occupancy_hip_hip.cpp,tracked,.cpp,54,3089,78d4851dd49088e3cb494507541f90f1d54843ea0fda0b7dbf1ffae55d88e84f
frc_defense/csrc/tensor_adstar_occupancy_hip_kernel.cu,tracked,.cu,84,3915,f700d833247b8e4c590df88b637fb15722d9a0fa6cefb66d46c442f215db2f02
frc_defense/csrc/tensor_adstar_occupancy_proto_hip.cpp,tracked,.cpp,54,3089,78d4851dd49088e3cb494507541f90f1d54843ea0fda0b7dbf1ffae55d88e84f
frc_defense/csrc/tensor_adstar_reference_hip.cpp,tracked,.cpp,57,3296,15fb338ea66614f3d83df6161251461f3b939e91605cb25b3f9164c949927b7f
frc_defense/csrc/tensor_adstar_reference_hip_hip.cpp,tracked,.cpp,58,3351,e25958e617c01fd3da9ab41c0d3f1181e2c0cb62d9cb2414983505f35a7712e6
frc_defense/csrc/tensor_adstar_reference_kernel.cu,tracked,.cu,143,7161,333bde675d4e7134bfd5f73f9dc716929b2ece4c01144a5ef94ca735fbf253d7
frc_defense/csrc/tensor_adstar_route_kernel.cu,tracked,.cu,380,15252,0c200e0b6561ace8b73013ddb4c451c5cf6578e14c465be249f29075aef8e881
frc_defense/csrc/tensor_collision_3v3_hip_hip.cpp,tracked,.cpp,58,3772,d8e86446a3c4b478d9ff3ee0b6186d945f5f3f26aac3124d480f4284e67cd5ef
frc_defense/csrc/tensor_collision_hip.cpp,tracked,.cpp,52,3027,72407dd90af5b2e1d85582ea5f1b821678bdd58cad88d1725c9ef2ee9080849d
frc_defense/csrc/tensor_collision_hip_hip.cpp,tracked,.cpp,53,3082,f15995a156ad80c308c2efdb9762a3cb1b7d1a87722d9aaab929832a3537727f
frc_defense/csrc/tensor_collision_hip_kernel.cu,tracked,.cu,116,4882,a09301eaeadc82fdef7dcf861cdecb6853108194a8d39b498c18e5ba3cbccc8e
frc_defense/csrc/tensor_collision_multi_hip.cpp,tracked,.cpp,194,11955,d91cb32cf6662a459e8e86f7538c6427dcd855c98c015cf88ad1db81ac4f65d0
frc_defense/csrc/tensor_collision_multi_hip_kernel.cu,tracked,.cu,551,24713,3c9b8436cfd79e13311128ecc7f70b9f6289efbdfbc5ecccb9116da986581941
frc_defense/csrc/tensor_collision_multi_hip_kernel.hip,untracked,.hip,552,24802,90012ba943bdee26c55ce4eb285c0720d72812ffc2703e08d444ba6a906a5fd1
frc_defense/csrc/tensor_collision_pipeline_hip.cpp,tracked,.cpp,63,4070,0a957feea40ac091f4ba47fe15810a31d54e9f763fd636dc1afcdf54443bd27d
frc_defense/csrc/tensor_collision_pipeline_hip_hip.cpp,tracked,.cpp,64,4125,95bdd2a7507e717994af04f17433e898716c2eb60736dbf14963a092cb199ec8
frc_defense/csrc/tensor_collision_pipeline_hip_kernel.cu,tracked,.cu,414,20596,1cc2187f8de03e1bb7432638388bd364782b719cb12e1da986d2eb736af50983
frc_defense/csrc/tensor_collision_pipeline_proto.cpp,tracked,.cpp,64,4180,bf7dcac0a65673375df707f821276b860269c20a23fba8d65b3bc0b6912dcf2e
frc_defense/csrc/tensor_collision_pipeline_proto_kernel.cu,tracked,.cu,414,20596,1cc2187f8de03e1bb7432638388bd364782b719cb12e1da986d2eb736af50983
frc_defense/csrc/tensor_fuel_candidate_rank.cpp,tracked,.cpp,37,1948,ac461a70d9c4daac8b0d1dca729e815ce8fe915a6fbda250ce1a022f7c459a0d
frc_defense/csrc/tensor_fuel_candidate_rank_hip.cpp,tracked,.cpp,38,2003,26b93bc229b60a58c14543d29b17318f37a63e7ccf8b120d9011e166e03b0b0a
frc_defense/csrc/tensor_fuel_candidate_rank_kernel.cu,tracked,.cu,71,2666,e4945c082f1266c205d5ba4c59c5327ca8de1c46db64f747a1aee29026c3304d
frc_defense/csrc/tensor_fuel_candidate_rank_kernel.hip,tracked,.hip,72,2755,1b76a5851869acf393683a5f9943fc47bbc8bc4ce5fa7cf57c3b5dfa92865efe
frc_defense/csrc/tensor_gamepieces_hip.cpp,tracked,.cpp,77,4941,af0f8324355cd78fdfe4c3dee3c79b808f6f9a1acb52e4338acb7d07b335c985
frc_defense/csrc/tensor_gamepieces_hip_hip.cpp,tracked,.cpp,78,4996,c70da06135367b95fd00a8b74f80a027feddefc5b4bfbefefd5439c619d998fe
frc_defense/csrc/tensor_gamepieces_hip_kernel.cu,tracked,.cu,244,10997,6f5a7e19e2ca07aa90a19c349a0003d52345b10509966c1cb7f850c9fb24e7f0
frc_defense/csrc/tensor_gamepieces_hip_kernel.hip,tracked,.hip,245,11086,b775754073da676a79c673bc142b3b600a6971c25319f2345b5afa02b8edbed3
frc_defense/csrc/tensor_perception_commit_proto.cpp,tracked,.cpp,89,5723,202bffe62f5c91cde7b97f7314c8afe331bfb92064c5533c76ec872f27ff34ce
frc_defense/csrc/tensor_perception_commit_proto_hip.cpp,tracked,.cpp,90,5778,12ffeefbbc7ee7cb013ba8f3c8f363229ed668f952a68e6e6432f61840ee0a80
frc_defense/csrc/tensor_perception_commit_proto_kernel.cu,tracked,.cu,85,3883,aa176f3a42dc64fa6457dad8c0aabba1cbedeeabb6343547249a4beca840697f
frc_defense/csrc/tensor_perception_hip.cpp,tracked,.cpp,316,21505,c1566649061cde60e845aab6523e39590e2a1e9802cf78349cb1442c2f4d04a2
frc_defense/csrc/tensor_perception_hip_hip.cpp,tracked,.cpp,317,21560,7d3ba52b7156688435c9f0f6f67bae063d4822c41d5d1552abdae896e227467b
frc_defense/csrc/tensor_perception_hip_kernel.cu,tracked,.cu,514,25939,9778bda7e3ae98ae8e6e281005e5cabe31866e587c510f1676ac80595ff97134
frc_defense/csrc/tensor_strategic_observation_full_proto.cpp,tracked,.cpp,118,6951,7230e5da5cda694506cf0da961178b61517de23af453378e4d5ea2a39405062f
frc_defense/csrc/tensor_strategic_observation_full_proto_hip.cpp,tracked,.cpp,119,7006,201d0b83d9132bd588f0f14d216542d7910f77682ca3fde22965e6862f693fa5
frc_defense/csrc/tensor_strategic_observation_full_proto_kernel.cu,tracked,.cu,187,9172,bb54fb8e18b4dc5ccaaa9274337793c4c1058ea60301b78be405bf534368deac
frc_defense/csrc/tensor_strategic_observation_proto.cpp,tracked,.cpp,148,8944,eb4f0637508e9cf1133cfda6d02ee9b3672eba4bd194a0313b8d3fdbb54e12a0
frc_defense/csrc/tensor_strategic_observation_proto_hip.cpp,tracked,.cpp,149,8999,0c021939d6083131b3c7a94a2fd6fc4fd4fddecd5ab417237ad3fd8769a1beda
frc_defense/csrc/tensor_strategic_observation_proto_kernel.cu,tracked,.cu,199,9619,57c42cf8934dadda0fa81ee1ddd11213de33b234ebeed59d6852694b959c6d9e
frc_defense/csrc/tensor_swerve_pose_hip.cpp,tracked,.cpp,102,6181,41596f98ff5ea39be3995600969adfe65f1db4d452f0bc2a8407342911e91939
frc_defense/csrc/tensor_swerve_pose_hip_hip.cpp,tracked,.cpp,103,6236,fbc44a9758235ceb5fdf7fa17f7dfdf0bfd32f7cd2a572c6b9e42091a82da83f
frc_defense/csrc/tensor_swerve_pose_kernel.cu,tracked,.cu,342,16046,64799969b10641eef8da31f65322be3daf74476f92691118c8d2577a2903c3fe
frc_defense/csrc/tensor_swerve_pose_proto_hip_hip.cpp,tracked,.cpp,98,5999,4db92601faa40aac7820c80ff3d5d85295b5448cb60a81b4b1bea7ac4d9b4ea2
frc_defense/dashboard.py,tracked,.py,590,31767,f5a2ab6610ca216d0122559797c793a82b18e8676b28ca77ce1d32c96ba45b7a
frc_defense/dashboard_api.py,tracked,.py,29,909,58f3501b5a14a259ed14947dd4de2544f3223e952e33f70c76520f53727ce2c6
frc_defense/dashboard_simulation.py,tracked,.py,643,34997,ba478cbad96f813f3f6d3430a79dc0e22ca4da9d137373d01675e444e23f4c84
frc_defense/dashboard_static/dashboard.css,tracked,.css,1119,20294,1386d93a45c7d35712e46411a93154c38c34d11679fa6b34b088b1e36cae0c73
frc_defense/dashboard_static/dashboard.js,tracked,.js,980,40293,26e1ad8dcb2c8ca573c73be00dbd24bae1df54d8e22550fa20f968841c32199c
frc_defense/dashboard_static/field-guide.html,tracked,.html,262,13363,d67b507893cfa52ad6cc86edf009af7b740dbef0e2d0f2b81b3c4326f3e10645
frc_defense/dashboard_static/field_rendering.js,tracked,.js,631,22340,cd14acb6bd09ec691c2a7b9d5b0a074a84f4faf4582f6c1538a8b81588f401f9
frc_defense/dashboard_static/index.html,tracked,.html,400,19349,deadb7c50fb0f92ed598feafbe42af160fd2de116584a2858d6149ff3e7bfe39
frc_defense/dashboard_static/training_rendering.js,tracked,.js,93,3323,500b29c6a0fb679762d668a7bd2224020ec18c16f41bdf7577922d20eaf03950
frc_defense/field.py,tracked,.py,163,7548,3aaf7edbbeb90b85ef27f75f3cbf4d559b21723bdf0f3f2521197e71e20d3f78
frc_defense/observation.py,tracked,.py,40,1917,3b51a60864e90cc8a773a3a5109a0601a4450c63708f718df07346da8d817db6
frc_defense/reward.py,tracked,.py,5,175,033b29fa26602afe78161f11408e06bf4be334c9e4c6a90887f9756a330c476d
frc_defense/runtime.py,tracked,.py,89,4301,961f4e7db5cd4e1a23a9597e1901878c20d8ffeceb7077f69eaf763b2ebe3bc7
frc_defense/tensor_3v3.py,tracked,.py,737,44187,7b9d45b13bed51dead6534b14818cc97ae5b50cec9e035927fc2fd8b49b2b8e0
frc_defense/tensor_3v3_pickup_grid_hip.py,tracked,.py,116,5439,7b234e9784c567e146bf9675eda382673d22d404136c89fd2f94a76d7d111496
frc_defense/tensor_adstar.py,tracked,.py,1012,59351,269c296d396e155e6dfb33435b8c76fa170ac003ba35b64cd3ad89b97c22ebab
frc_defense/tensor_collision.py,tracked,.py,95,3994,0dec094b73ae97344c2212aab724511d75de4784b0a7a3bcefce61547e5e9bd1
frc_defense/tensor_collision_multi_hip.py,tracked,.py,176,8209,0d144d01e34556f6eb07f67b4ffdbd91fce65786242c92a7932723a20f8f627e
frc_defense/tensor_collision_pipeline.py,tracked,.py,93,4136,5d54668a44a73eb95251563970c2a7fa9a52f760630d826f2f36c35a468273b6
frc_defense/tensor_defense_gamepieces.py,tracked,.py,298,17666,9f503d3e8f7aab989e96f374d8157786f3b43cb9c2afdf3ad17e00cf4008a2d5
frc_defense/tensor_defense_observation.py,tracked,.py,519,32456,9ec7620c0a2649e98681bc172cdf3739f653ebea3d24cd5daa5a285790bbbce6
frc_defense/tensor_defense_opponent.py,tracked,.py,250,14738,48e3b7b415773b4f79d393d09f5e56e366752dd3b59456a5999fb58317514592
frc_defense/tensor_defense_reset.py,tracked,.py,333,21020,c706f86793717a4dabdd515e77f4bcd5ffaded802537d3206ed4968865cccdd5
frc_defense/tensor_defense_step.py,tracked,.py,394,24562,9e48dde868d87074e48c11f2792a3a1b5b851a8734f66127744c793351630ae5
frc_defense/tensor_fuel_candidate_rank.py,tracked,.py,99,4520,2879759cdb562b0123262abbf39c872d1caff46ca3d375682356371aca704d36
frc_defense/tensor_gamepieces.py,tracked,.py,102,4624,ca7f20d46594158e335c2e5f9161dd79ab52f48bce9ec7466a77d605862ee212
frc_defense/tensor_perception.py,tracked,.py,237,12389,329898796819bd20bef89d5afb4040f62091fbc23702c5c1fbc65a74d74b2716
frc_defense/tensor_perception_commit_proto.py,tracked,.py,187,8886,8d7d72c3e17d7cd7c638b4cfd5785d0691d87eafc68c636fc438b81005ad696a
frc_defense/tensor_physics.py,tracked,.py,632,38255,7c51b7c26bef2b2170113e5ac1159ad021118d10019355f028547dde513acc82
frc_defense/tensor_physics_collision.py,tracked,.py,342,21193,7e16bdb0f6cb065c68f9130af34fd2ba2d62ade2e7cb7a9ee10f598ba991c3fc
frc_defense/tensor_sim.py,tracked,.py,350,20757,e23ebcb964b18b75a707c06eaa363e675b6aac64568de4056b76fef2d0614571
frc_defense/tensor_strategic_observation_full_proto.py,tracked,.py,158,7834,e1bad4261f4c5fd233fbc533ab3a58b5443f24380dedcb2e6e5dc05478d42b7c
frc_defense/tensor_strategic_observation_proto.py,tracked,.py,283,15290,7644a4fbc8a63ee06f5eb5de0305e208681329ba9bdfc6c72a3d4256e2a045be
frc_defense/tensor_swerve_pose_hip.py,tracked,.py,112,5316,decad6b03ba04ca35fe71c5e8a4f915db431909e21b81f12b8f3b9a0717a48ae
frc_defense/tensor_training.py,tracked,.py,425,22717,af437cac148a6cccb9c37bd4cca10e834110b1cc4232064c3e3f028513476be6
frc_defense/tensor_training_3v3.py,tracked,.py,436,25167,812bad237e1022f0c8070a6351cde85235ac2ea2095ad02930b3a74748611e6e
frc_defense/tensor_training_evaluation.py,tracked,.py,614,36129,72036f22011a03fdbcd5ac8f235608ee3a37716b18b8c449f1b289c2b0500483
frc_defense/tensor_training_evaluation_reporting.py,tracked,.py,263,14175,57b1a50cd9889b9849e46fe3dc29be074aec2b557ce1adb70f55d49e09fb63fd
frc_defense/tensor_training_generational.py,tracked,.py,384,22940,0e44284fd9bf4623b46ebd872b02d8d911c477860c3496d71bd0111bba96a7f6
frc_defense/tensor_training_ppo.py,tracked,.py,609,37139,368eef768710e298d51f09306d1d93062a4a5e3d5dd7577757be3e0eaf82c17a
frc_defense/tensor_training_runtime.py,tracked,.py,329,17313,380cd37ef064585109affd017fe1c13dccaba23fc835ca5ed5bb1cc39705309c
frc_defense/types.py,tracked,.py,73,1797,4b3d5e436380ca509ae996c3a5fb39b7ba10dc65c36d6c95ca731b4d7c058c8f
scripts/audit_path_reference_rollout_parity.py,tracked,.py,159,7168,b531c6c63b1fdb5b6cc8f37410ad8fe2274c5ff98bab54ff7488b64b29a2fec3
scripts/audit_playback_scenario.py,untracked,.py,84,3883,6a22f475841cdcfc922b308b06ce40747b9ff1fe0a0d4737047163ae1a7460a4
scripts/benchmark_3v3_step_graph.py,tracked,.py,180,7014,5c0cdb63782c4007279831b212a54861152fb4ad802edf93eca0a6093d65446f
scripts/benchmark_adstar_occupancy_proto.py,tracked,.py,294,14438,3dfc8d7b979add20b4bca25fc2e94ac7860671c37f54a11d9105b880c4d6c7da
scripts/benchmark_ddp_ppo_update_flags.py,tracked,.py,147,6508,ae13ef555c1ce8cf499cf44d8d350490ba83d684cd75989c0f829cb71b7f349e
scripts/benchmark_fuel_candidate_observation_proto.py,tracked,.py,113,4593,f3727bff8344ac635487f36673f35d5151716acc43afc582d7a41962b01ab46f
scripts/benchmark_fuel_candidate_rank_full_e2e.py,tracked,.py,92,4690,c3a373651db46ed8cc20aef87ac700989c8f7904737c1e7b87aca8d10e5af326
scripts/benchmark_fuel_candidate_rank_proto.py,tracked,.py,67,2459,40c78be90a4b044e3ea219e55a58c6d56466644bb4183b8bd9531be8fc5106fa
scripts/benchmark_observation_postprocess_e2e.py,tracked,.py,206,10678,b14196b4d03fd610c2c0bf67b104f85344c9c8dd058d8d564cddcb30acb6c1ff
scripts/benchmark_path_reference_ab_a.py,tracked,.py,80,3409,cf3d1570b98332188cf383467bdf7c3e5e6a19ca7575ac60a405c2df5643bbfb
scripts/benchmark_ppo_delayed_observation_capture.py,tracked,.py,216,9180,235b044a317a610cd41bc19682d81e55d552b6963d95ad3196305b8ddfd2f61b
scripts/benchmark_sim_step_graph_ab.py,tracked,.py,176,7308,ad6a6686cf6e1123228ddbca343015133598212b714d787c3a7449108e709ef3
scripts/benchmark_strategic_observation_e2e_ab_a.py,tracked,.py,201,10563,ac294e07fd95081934f980a1b1cecfcb27279027a81bc9e7951dc8a3e2d8cc66
scripts/benchmark_strategic_observation_proto.py,tracked,.py,85,3849,c44a717531cd2002776f28e98fe2d6672ebf00bedbaf3951e784fdcfdeefb60e
scripts/benchmark_strategic_ppo_candidate_cache.py,tracked,.py,113,5088,280bb99d26a17c56f4945889d593a06764273ae2499661b9f115657ee03c4d27
scripts/benchmark_strategic_ppo_ddp.py,tracked,.py,331,16602,d9727640719909e422db62ac2a7fc262bcfc54786d89fb652fff050b37468119
scripts/benchmark_tensor_adstar_occupancy_e2e_ab_a.py,tracked,.py,69,3165,1434206da5c85c15859a10cf0af7b8922cd0ba73f06310b2caf85a9a458da172
scripts/benchmark_tensor_collision_e2e_ab_a.py,tracked,.py,69,2928,ec3b7c9258e595f438c6c33efc4e3ea9ccebdcc09442a5577c9980450ec79f87
scripts/benchmark_tensor_collision_multi_hip.py,tracked,.py,129,5603,b9792d6be0f32eaf5779234331019f38a4f67bab531365c7d3fc4856a6216e90
scripts/benchmark_tensor_collision_pipeline_proto.py,tracked,.py,245,11486,98b8ccde09d38c465881f4ed55fba65b0e2d6f2cf90ac3b65eeb66f0ab52d9b8
scripts/benchmark_tensor_collision_wall.py,tracked,.py,265,13158,dc9989b1b98e2ff7beb8ee5462668ba20bb56be8367f5ab23804600434de8b48
scripts/benchmark_tensor_fused_aggregate_ab_a.py,tracked,.py,124,6547,f2629342624cabcb2eadbf78b95672b4888da8378e92fb8460d4431a97ed8e50
scripts/benchmark_tensor_fused_aggregate_repeat.py,tracked,.py,90,4813,3fdfed1b2a39493cc60e73068ab4b6a3e68780509232bad343d22709d34b97b5
scripts/benchmark_tensor_perception_commit_e2e.py,tracked,.py,92,4112,b120f7656efb10644c9715dd6b6fa3fe409cab5f35b4a37a54875d8849cf4385
scripts/benchmark_tensor_perception_commit_proto.py,tracked,.py,126,5281,14d175e4b0bb51f8705403b96b1cf10c731771be624e2c61653796640f815c96
scripts/benchmark_tensor_scaling.py,tracked,.py,277,14194,2e471b13f414a8e51a85d2d138fba5701768a5cc05e721ed6573a41d1d4c2048
scripts/benchmark_tensor_swerve_pose_e2e.py,tracked,.py,187,7917,1e3349adf7fffdb40c8ab082a1b1751ed6f2103e2d2bc301a7cdb35d0a6f3dd4
scripts/generate_nn_vs_nn_playback.py,tracked,.py,150,8385,1d5a49e051a782eb850ea0c045356841f090e163c86327cc3c6805c26efcb21e
scripts/prototype_physics_tick_graph.py,tracked,.py,231,10282,9309ee277ff2787441284f3f0f649ec8fa70a504b1ac4512ed3bfb067c9b5d51
scripts/prototype_sim_step_graph.py,tracked,.py,110,4431,4af971a390d7decf7baa4d27cea8203b9add8d7a7844c8135db21da41ac9b6d7
scripts/run_3v3_campaign.py,tracked,.py,88,3439,448944580d350cd355aa1eeb4d30f20977b3a4b1afdb220dfa36b289a179ff95
scripts/run_gamepiece_training.sh,tracked,.sh,25,648,33b8b902e892e3a2192efcb8fddd242a735de9650f6ce0a80d20c426166dcffe
scripts/run_mixed_defense_after_baseline.sh,tracked,.sh,43,1873,ae968add4823d5e1bed36c6df9362145097ef67ad956abc04fdb36b85ca92e54
scripts/run_velocity_intercept_after_current.sh,tracked,.sh,38,1795,ddd839a97bfb599f56aa4465c92fa2f516b66caa1d9da855314218f9257cdd29
scripts/test_fuel_candidate_rank_proto.py,tracked,.py,100,5038,05bb7056f07c9212b672887a10a0919c788a381b3586f18294cbcd11d3b72220
scripts/test_strategic_observation_full_proto.py,tracked,.py,145,6474,3bbcec2c58501f6f022e9866b55b09df18d68a6dd54645d54cbe678eacc9eb29
scripts/test_strategic_observation_graph.py,tracked,.py,280,14039,f90660a3bcc22cf20f6b93a7f06b8c02f60fae3105ed26d74b4b007d1bcedea9
scripts/test_strategic_observation_proto.py,tracked,.py,214,10998,9251420bc43005ce65f129804bbeacd54214f6c4c3ba189db4f4a38040896d6f
scripts/test_strategic_observation_runtime.py,tracked,.py,159,6822,ca9132162ee6137486e3cb9135dcbfdaaaf6a55e647eb95fd350463bc94a3693
scripts/test_tensor_perception_commit_proto.py,tracked,.py,128,5305,0718bb5a5c7c97546de49d808b31b7c91b6693521eaf88c35258fb4c4bb2a778
scripts/test_tensor_swerve_pose_hip.py,tracked,.py,406,19477,a7483c9a679ec3327f327827cc13685a18bec7281bf0849ffca86434403f1607
scripts/test_tensor_swerve_pose_runtime.py,tracked,.py,225,10424,70166350508bd98601f34ef7bd1540ebfd7f329514ec591dc153d9d24e33c30f
tests/test_mixed_defense.py,tracked,.py,142,7386,1fa93cf7691d60506a3c2a292f92deff5e0435215ce9dee4e6563af29474ff74
tests/test_perception_compliance.py,tracked,.py,240,12422,aff23d7a294922ebdcfb2fc4c45fdedf71d5bcc758661498cafc102e6fe42c27
tests/test_strategic_held_interval.py,tracked,.py,123,5582,250ddb6b92331bdd988aa364992d5c309fce713b3ab73dafa5fb07ffa56c5a92
tests/test_strategic_opponent_actions.py,tracked,.py,16,500,2675303114ef13c83114d4889783bfab335c1d064c936d23a3192660f093e10e
tests/test_tensor_3v3.py,tracked,.py,212,9023,aa02781c1379b26cd807b14c0d42253dde321cbc8dcbffd7fa4d98a0d1185b27
tests/test_tensor_3v3_physical_constraints.py,tracked,.py,241,9499,97f5f2a6c8f521931a6343d70733e9c33ccb2a5e6b4827fc3effe76eeadf2690
tests/test_tensor_adstar_cadence_fastpath.py,tracked,.py,85,3393,808077bb78b856af8773555b949841143ddd905b691b41e5633cde92ae43b5e8
tests/test_tensor_adstar_early_convergence.py,tracked,.py,34,1583,e54d1001b334369817ae48ce8027bdfc249a61195ed51f488d542d0727f11012
tests/test_tensor_adstar_fused_route.py,tracked,.py,181,8963,d84614b7b491920641c2cc76e5920b7d2c0070122e94ab3b6f2785696ca546d8
tests/test_tensor_adstar_occupancy.py,tracked,.py,145,7263,3a1802e40c5ba943a4799f5930aaa45bf822c868e7d4efa151e015dec6a373ff
tests/test_tensor_adstar_path_reference.py,tracked,.py,65,3044,5d05c30481aaea648603e36c5b65520707635c3ff94af73b1c597c4a2c1da4e5
tests/test_tensor_collision_hip.py,tracked,.py,69,3261,c4afbd96e1dd396274d8fc9f1f2acb53cdcca198b682cfff2f4de138e607a15f
tests/test_tensor_collision_pipeline_hip.py,tracked,.py,99,5725,1c1d068b9debb760e7291643e0f7280f1b68f41f3e0649af5402dc57c623e76c
tests/test_tensor_env_active_mask.py,tracked,.py,371,21405,e1dfc68d5a2dde73300d48a1b1941984f2fe2bdbec2b9a12fd2544d588272d21
tests/test_tensor_fuel_candidate_rank.py,tracked,.py,131,6412,dbdd4733b261df049d0f6ded97f60793eb77f4429113f5313d73a421406a155a
tests/test_tensor_gamepieces_hip.py,tracked,.py,118,5907,7fa39246e990d96c79ccdda63a7d8fa40fdb6f55a9009978508176f9c1552d89
tests/test_tensor_observation_postprocessing.py,tracked,.py,106,6026,1e56cfc983a889962f4ce926e0472b3e46bb897db2e031f0422a03f5181551fd
tests/test_tensor_perception_commit_flag.py,tracked,.py,52,2309,13888b7c6f9e0084c6e456f712f846a478957741f8b456c674744e52e42e45de
tests/test_tensor_perception_fused_commit.py,tracked,.py,97,4632,1fe33abe8382dfba16211756051e4f8ef434c255d1bb093a7629bff29e87ce64
tests/test_tensor_strategic_observation_full_flag.py,tracked,.py,57,2583,b08eecd5cbf894fe20c8148113120aff34b247b88148fb0ec98436635d2220a8
tests/test_tensor_training_eval_dispatch.py,tracked,.py,53,2095,b773489fd22dd80eee327cce9a7233cb5979560f3f4610b8134676ea8b06b0e5
